Store next Door,OUR CARPETS MATCH OUR DRAPES HOME FURNISHINGS
P.F.E.T.A,TANDEMONIUM ALL YOUR TANDEM BIKE NEEDS
BLANK,JOHNNY RAZOR'S TOTALLY NORMAL CANDY STORE
P.F.E.T.A,DON'T GO THERE Cautionary Sign Store 
Trot's All Natural Fertilizer,WOLF IN SHEEP'S CLOTHING DISCOUNT PET APPAREL
RENT REDUCED: Crime Scene Special,DR. RANGELOVE STOVE STORE
Meth I Can! Methadone Clinic,BETTY'S MACHETES
SYNTHESIZERS! SYNTHESIZERS! SYNTHESIZERS!,YADDA YADDA DADA JEWISH SURREALIST ART GALLERY
Extra Moist Yoga,NOG NOG WHO'S THERE? EGG NOG
The Horse Renderer,TANKIN' IT TO THE STREETS TANK TOP SHOP
ATTEMPTED CRÊPE French Cooking School,CATS A RISING STAR PET IMPROV
STD B-Gone! FREE CLINIC,FIRE DISTINGUISHERSPUT OUT YOUR FIRE WITH FLAIR
ROCKY REFUGE RACCOON SANCTUARY,NORTH BY NORTH VEST
Bass Drum Emporium,QUILTY AS CHARGED QUILT SHOP
MAGNUM G.I. COLONOSCOPIES,CARL'S PRE-OWNED INDOOR OUTHOUSES
CHRIS'S BRISSES,Brazilianaire CURRENCY EXCHANGE & WAXING SALON
Uncle Marty's Breast Pumps,NAPOLEON'S COMPLEXION: SKIN CARE FOR LITTLE PEOPLE
HANNIBAL'S DEAD ANIMALS TAXIDERMY,TIRE-RHEA
POOKAH PAGODA POOKAH SHELL WAREHOUSE,GET A LOOM YOU TWO! COUPLES' WEAVING
A FRIDGE TOO FAR USED APPLIANCES,A UNICYCLE BUILT FOR TWO TANDEM UNICYCLES
That's Improv-able Improv Theater ,THE NIGHTLIGHT ZONE
STICKERS FOR MEN,GIFT RAPPERS FREESTYLE GIFT WRAPPING
Grindecologist Coffee Shop ,FLIP YOUR WIG REVERSIBLE HAIRPIECES
Valley of the Doilies,MIRACLE ON 34TH SHEETS SHEETS AND BEDDING IN 34 COLORS
"Yes, Wire Hangers!","RUDE A-BAKE-ENING, CAKES FOR PEOPLE YOU HATE!"
ANNIE GET YOUR GUM,CAT-LIKE REFLUXES FELINE GASTROENTEROLOGIST
YEAR-ROUND HALLOWEEN STORE,I'VE GOT CRABS HERMIT CRAB EMPORIUM
I'D HIT THAT BOXING GYM,TAKES ALL RINDS COMPOSTING CENTER
Simply the Asbestos,FEEL LIKE MAKING GLOVE MAKE YOUR OWN GLOVES AND MITTENS
COLONIAL BALONEY,NOTE
BUTT STUFF UNDERWEAR OUTLET,YOU CAN'T HANDLE THE RUTH BASEBALL CARDS
Wigs Wigs Wigs! (And Socks),A TON IN THE OVEN BIG AND TALL BABY CLOTHES
Talk To The Hand Glove Store,BABY GOT BACK PROBLEMS PHYSICAL THERAPY
Cane You Dig It? CANDY CANE OUTLET,LADY AND THE CLAMP HARDWARE FOR HER
Does Your Face Hurt? BEAUTY SUPPLIES,SHELFIES PICTURES OF SHELVES
SCROTO-ROOTER VASECTOMY CLINIC,CUPID'S STUPID DIVORCE ATTORNEYS
THAT'S A-DOOR-A-BELL DOORBELLS,A SIGHT FOR SORE THIGHS MASSAGE PARLOR
KOOKAH FOR HOOKAH,MEET THE PATENTS PATENT ATTORNEY
LET'S SCISSOR! COLLAGE STUDIO,THE SEVEN YEAR ITCH COUPLES DERMATOLOGY
"EARTH, WIND & TIRES",THE OUTLET OUTLET ELECTRICAL STORE
ELLIOT'S SMELLY BITS POTPOURRI SHOP,RESISTING A REST SLEEP THERAPY
"FERN, BABY, FERN! DISCOUNT FERN STORE",BLOOD BATH AND BEYOND BED BATH PRODUCTS
MILES OF VIALS,MAXI PADS LARGE APARTMENT RENTALS
THE MASSAGONYST MASSAGES FOR MEN,YOU'RE MISSING THE POINSETTIA
NOTHIN' BUT NOTARIES,BIDETS AND CONFUSED BIDETS FOR BEGINNERS
BREAK-A-BEAR TEDDY BEAR DISPOSAL,HAPPILY EVER ACTOR CASTING AGENCY
SIT AND SPIN POTTERY,ESCROW ZONE! ESCROW FOR KIDS
LITTLE SHOP OF HULAS,NOT SAFES FOR WORK PERSONAL SAFES
FOOTLOOSE PROSTHETIC ADJUSTMENTS,PURPLE VEIN VARICOSE VEIN SURGERY
GRANNY PACKS LUGGAGE FOR SENIORS,I ONLY HAVE RAB-EYES FOR YOU RABBINICAL DATING SERVICES
I THINK THEREFORE I JAM PROFOUND PRESERVES,MIRROR MIRROR ON THE WOOL SEQUIN SWEATERS
THE WAY WE GRR DOG TRAINERS,HEY NOW WE'RE A ROCK STORE
REGRET ME NOT TATTOO,BEND IT LKE BEDPAN MEDICAL SUPPLIES
DON'T STOP BEREAVING GRIEF COUNSELING,GET ON MY LAWN LAWN ORNAMENTS
GET OFF MY BACK TRAMP STAMP REMOVALS,LOU'S REEDS WIND INSTRUMENTS
NICE KNOCKERS ELEGANT DOOR KNOCKERS,SOMEDAY BLOODY SOMEDAY GORY CALENDARS
DON'T GO CHASING WATERBEDS,HOW CAN YOU MEND A BROKEN HEARTH? FIREPLACE REPAIR
100 CENT STORE,MY SO-CALLED KNIFE BUTTERKNIFE STORE
THAT'S WHAT SHE SAWED TOOLS FOR WOMEN,THE ROAD LESS GRAVELED ASPHALT PAVING
PAIR OF DICE CITY DICE OUTLET,WHERE THE SUN DON'T SHINE TANNING SALON
SAG ME TO HELL BRA BOUTIQUE,A HOSE BY ANY OTHER NAME GARDEN SUPPLIES
SEW-SEW AVERAGE NEEDLE POINT SUPPLIES,WREATH OF KHAN THEMED WREATHS
WAITERS GONNA WAIT RESTAURANT SUPPLIES,OWED TO JOY PERSONAL LOANS
LET'S GIVE 'EM STUFFING TO TALK ABOUT STUFFING EMPORIUM,SAY HELLO TO MY LITTLE FRENCH LANGUAGE SCHOOL
CINDY LOPPER HAIRSTYLING,GONG IN 60 SECONDS GONGS AND BELLS NO WAITING
YOU CAN'T HANDLE THE TOOTH DENTAL EXTRACTION,LIONEL STICHY PLASTIC SURGEON
BATH SHEET CRAZY,HOW THE WEST WAS SPUN WOOLEN WESTERN WEAR
"BRUSH IT AGAIN, SAM REFURBISHED TOOTHBRUSES",YES-TARY POSITIVE NOTARY
SOFT SERVE GENTLE PROCESS SERVERS,BILLY'S EYELASH ACCESSORIES
PRO-PAIN ACCESSORIES DOMINATRIX SUPPLIES,WHERE THE FILED THINGS ARE FILING CABINETS
LOOKS LIKE WE'RE IN FOR NASTY LEATHER,POTTY LIKE ITS 1999 HIGH FLOW TOILETS
LIN-MANUEL'S VERANDAS PATIO FURNITURE,AIN'T THAT A SHAM DECORATIVE PILLOW CASES
YOU DO THE METH RECOVERY CLINIC,A PIMPLE PLAN ACNE SUPERSTORE
BALLS TO THE WALL HANDBALL SUPPLY,SLOPPY TOES PEDICURES
A CURD IN THE HAND HOMEMADE CHEESES,YOU'VE LOST THAT OVEN FEELIN' KITCHEN APPLIANCE REPAIR
"SOCK HER, MOM LADIES BOXING GYM",CLAZY FOR YOU CERMAMICS SUPPLIES
GLAND HO! THYROID EXAMS,COLOR ME DEAD PAINT YOUR OWN TOMBSTONE
WELCOME BACK POTTER SECOND HAND CERAMICS,TALCUM IN THE MIDDLE POWDERS AND LOTIONS FOR DOWN THERE
A WHITER SHADE OF PALE ALE,IT HAD TO BE EWE WOOL CLOTHING
GUGGEN-HINEY FAN ART GALLERY,SIPS OF THE FATHER SIPPY CUPS FOR MEN
TWO B-,WHITE PAINT CAN'T DUMP PAINT RECYCLING CENTER
WORK OF F.ART FAN ART GALLERY,STUFF IT STUFFING SUPERSTORE
BLOUSE OF THE RISING SUN NEW ORLEAN APPAREL,THAT'S WHAT SHOE SAID SHOE STORE
THUS SPOKE ZARATHUSTRA BICYCLE REPAIR,IT'S A WONDERFUL KNIFE KNIFE STORE
THAT THONG YOU DO,REMEMERANCE OF DINGS PAST FURNITURE REPAIR
FREDDIE KUGEL HALLOWEEN NOODLES,PELVIS HAS LEFT THE BUILDING HIP REPLACEMENT CLINIC
PLUNGER GAMES AGGRESSIVE TOILET TOOLS,THE LIDS ARE ALL TIGHT STORAGE CONTAINERS
WE LATHER TOGETHER FAMILY SOAPS,THE RODS MUST BE DRAPEY CURTAINS RODS & MORE
GLOVES ACTUALLY,I CANT BELIEVE IT'S NOT BROTHER
DONT COMB AROUND HERE NO MORE GIFTS FOR BALD MEN,DOLL THINGS CONSIDERED ACCESSORIES FOR DOLLS
FUGGETTABOUTIT HARD DRIVE ERASING,GREGORIAN PANTS MONASTIC CLOTHING
THE WIZARD OF GAUZE NEW AND USED BANDAGES,FROMAGE-INARY FRIENDS CHEESE SHOP
SLEEP TIGHT SMALL MATTRESSES,WHINE COUNTRY MARRIAGE COUNSELING
DRASTIC MEASURES EXTRA LONG TAPE MEASURES,PUT THE LOTION IN THE MASK-ET DAY SPA
SHAWL ME BY YOUR NAME EMBROIDERED SHAWLS,DRAG ME TO GEL HAIR SUPPLIES
CRY ME A SLIVER SEMI-URGENT CARE,CHI'S GOTTA HAVE IT TAI CHI STUDIO
DAMN I WISH I WAS YOUR HOVER... BOARD,PENNY FOR YOUR TOTS DAYCARE
FAMILY JOWLS COSMETIC SURGERY,HANKERCHEEKS MACHINE WASHABLE TOILET PAPER
"BEAN THERE, DONE THAT REFRIED BEANS OUTLET",WITH GREAT WHISK COMES GREAT REWARD CULINARY CLASSES
NOT THROWIN' AWAY MY POT RECYCLED KITCHEN WARE,STOP IN THE NAME OF GLOVES
I'M GETTING TOO OLD FOR THIS SCHVITZ SAUNAS FOR THE ELDERLY,"HEY, BIG SUSPENDER! PLUS-SIZE SUSPENDERS"
JEANS OF THE STONE AGE VINTAGE DENIM,THE BLOOM IS OFF THE NOSE WART REMOVAL
"PAUL'S RISERS BLEACHERS, PLATFORMS AND STAGES",PUMPIN PATCH FITNESS
WE'VE ALWAYS HAD FERRETS EXOTIC PETS,NORTH BY KNOCKWURST SAUSAGE STORE
WHOLE LOTTA SHAKER FURNITURE GOING ON,HANNAH AND HER TRANSISTORS ELECTRONIC PARTS
"THOSE WHO CAN, DLE CANDLES",A SMALL PRICE TOUPEE
THE RARE ITCH PROJECT DERMATOLOGY,"LET'S TALK ABOUT EX, BABY Divorce Counseling"
YOU MAKE MY SEAMS COME TRUE TAILORING AND DREAM INTERPRETATION,YOU WALKIN' TO ME? PHYSICAL THERAPY
PLYMOUTH JOCK OLD TIMEY ATHLETIC WEAR,
THERE YACHT-A BE A LAW MARITIME LAWYERS,
YOU'RE THE MAN NOW DOG SUITS FOR DOGS,
MANGER DANGER BABYPROOFING,
THE THESAURUS SHOP STORE • MARKET • BOUTIQUE,
IF YOU DON'T GLOVE ME BY NOW GLOVE EMPORIUM,
BEVERLY HILLS CUPS EXPENSIVE CUPS,
BIG OLD KITTIES SENIOR CAT ADOPTION AGENCY,
WEIGHT FOR IT GYM EQUIPMENT,
CLOTHES BEFORE HOSE GARDENING ATTIRE,
